name,population
"Autauga County, AL",55601
"Baldwin County, GA",44823
"Barbour County, WV",16535
"Bibb County, GA",153095
"Blount County, TN",131349
"Bullock County, AL",10138
"Butler County, PA",187888
"Calhoun County, WV",7254
"Chambers County, TX",42454
"Cherokee County, TX",52592
"Chilton County, AL",44153
"Choctaw County, OK",14668
"Clarke County, VA",14523
"Clay County, WV",8632
"Cleburne County, AR",24965
"Coffee County, TN",55700
"Colbert County, AL",54762
"Conecuh County, AL",12277
"Coosa County, AL",10715
"Covington County, MS",18853
"Crenshaw County, AL",13824
"Cullman County, AL",83442
"Dale County, AL",48956
"Dallas County, TX",2637772
"DeKalb County, TN",20138
"Elmore County, ID",27259
"Escambia County, FL",315534
"Etowah County, AL",102501
"Fayette County, WV",43018
"Franklin County, WA",94347
"Geneva County, AL",26314
"Greene County, VA",19779
"Hale County, TX",33830
"Henry County, VA",50953
"Houston County, TX",23169
"Jackson County, WI",20478
"Jefferson County, WI",85129
"Lamar County, TX",49728
"Lauderdale County, TN",25825
"Lawrence County, TN",43734
"Lee County, VA",23541
"Limestone County, TX",23519
"Lowndes County, MS",58930
"Macon County, TN",24265
"Madison County, VA",13295
"Marengo County, AL",19066
"Marion County, WV",56097
"Marshall County, WV",30785
"Mobile County, AL",413757
"Monroe County, WI",46051
"Montgomery County, VA",98985
"Morgan County, WV",17787
"Perry County, TN",8064
"Pickens County, SC",124937
"Pike County, PA",55933
"Randolph County, WV",28823
"Russell County, VA",26748
"St. Clair County, MO",9395
"Shelby County, TX",25418
"Sumter County, SC",106512
"Talladega County, AL",79828
"Tallapoosa County, AL",40497
"Tuscaloosa County, AL",208911
"alker County, AL",63711
"Washington County, WI",135693
"Wilcox County, GA",8812
"Winston County, MS",18165
"Aleutians East Borough, AK",3515
"Aleutians West Census Area, AK",5723
"Anchorage Municipality, AK",291538
"Bethel Census Area, AK",18216
"Bristol Bay Borough, AK",877
"Denali Borough, AK",2059
"Dillingham Census Area, AK",5000
"Fairbanks North Star Borough, AK",98971
"Haines Borough, AK",2474
"Hoonah-Angoon Census Area, AK",2151
"Juneau City and Borough, AK",32113
"Kenai Peninsula Borough, AK",58533
"Ketchikan Gateway Borough, AK",13918
"Kodiak Island Borough, AK",13345
"Kusilvak Census Area, AK",8303
"Lake and Peninsula Borough, AK",1587
"Matanuska-Susitna Borough, AK",107610
"Nome Census Area, AK",10008
"North Slope Borough, AK",9872
"Northwest Arctic Borough, AK",7671
"Petersburg Borough, AK",3221
"Prince of Wales-Hyder Census Area, AK",6422
"Sitka City and Borough, AK",8647
"Skagway Municipality, AK",1148
"Southeast Fairbanks Census Area, AK",6918
"Valdez-Cordova Census Area, AK",9164
"Wrangell City and Borough, AK",2503
"Yakutat City and Borough, AK",604
"Yukon-Koyukuk Census Area, AK",5327
"Apache County, AZ",71818
"Cochise County, AZ",126770
"Coconino County, AZ",142854
"Gila County, AZ",53889
"Graham County, NC",8484
"Greenlee County, AZ",9483
"La Paz County, AZ",21098
"Maricopa County, AZ",4410824
"Mohave County, AZ",209550
"Navajo County, AZ",110445
"Pima County, AZ",1039073
"Pinal County, AZ",447138
"Santa Cruz County, CA",274255
"Yavapai County, AZ",231993
"Yuma County, CO",10020
"Arkansas County, AR",17769
"Ashley County, AR",20046
"Baxter County, AR",41619
"Benton County, WA",201877
"Boone County, WV",21951
"Bradley County, TN",106727
"Carroll County, VA",29636
"Chicot County, AR",10438
"Clark County, WI",34709
"Cleveland County, OK",281669
"Columbia County, WI",57358
"Conway County, AR",20891
"Craighead County, AR",108558
"Crawford County, WI",16291
"Crittenden County, KY",8915
"Cross County, AR",16676
"Desha County, AR",11512
"Drew County, AR",18328
"Faulkner County, AR",124806
"Fulton County, PA",14523
"Garland County, AR",99154
"Grant County, WI",51554
"Hempstead County, AR",21741
"Hot Spring County, AR",33701
"Howard County, TX",36459
"Independence County, AR",37678
"Izard County, AR",13593
"Johnson County, WY",8460
"Lafayette County, WI",16665
"Lincoln County, WY",19434
"Little River County, AR",12326
"Logan County, WV",32607
"Lonoke County, AR",73657
"Miller County, MO",25336
"Mississippi County, MO",13336
"Nevada County, CA",99696
"Newton County, TX",13746
"Ouachita County, AR",23606
"Phillips County, MT",4074
"Poinsett County, AR",23974
"Polk County, WI",43598
"Pope County, MN",11097
"Prairie County, MT",1087
"Pulaski County, VA",34066
"St. Francis County, AR",25439
"Saline County, NE",14350
"Scott County, VA",21534
"Searcy County, AR",7958
"Sebastian County, AR",127753
"Sevier County, UT",21539
"Sharp County, AR",17366
"Stone County, MO",31749
"Union County, TN",19688
"Van Buren County, TN",5765
"White County, TN",27107
"Woodruff County, AR",6490
"Yell County, AR",21535
"Alameda County, CA",1666753
"Alpine County, CA",1101
"Amador County, CA",39383
"Butte County, SD",10222
"Calaveras County, CA",45602
"Colusa County, CA",21627
"Contra Costa County, CA",1150215
"Del Norte County, CA",27828
"El Dorado County, CA",190678
"Fresno County, CA",994400
"Glenn County, CA",28047
"Humboldt County, NV",16786
"Imperial County, CA",181827
"Inyo County, CA",17987
"Kern County, CA",896764
"Kings County, NY",2582830
"Lake County, TN",7411
"Lassen County, CA",30802
"Los Angeles County, CA",10105518
"Madera County, CA",157672
"Marin County, CA",259666
"Mariposa County, CA",17471
"Mendocino County, CA",87606
"Merced County, CA",274765
"Modoc County, CA",8777
"Mono County, CA",14250
"Monterey County, CA",435594
"Napa County, CA",139417
"Orange County, VA",36644
"Placer County, CA",393149
"Plumas County, CA",18804
"Riverside County, CA",2450758
"Sacramento County, CA",1540975
"San Benito County, CA",61537
"San Bernardino County, CA",2171603
"San Diego County, CA",3343364
"San Francisco County, CA",883305
"San Joaquin County, CA",752660
"San Luis Obispo County, CA",284010
"San Mateo County, CA",769545
"Santa Barbara County, CA",446527
"Santa Clara County, CA",1937570
"Shasta County, CA",180040
"Sierra County, NM",10968
"Siskiyou County, CA",43724
"Solano County, CA",446610
"Sonoma County, CA",499942
"Stanislaus County, CA",549815
"Sutter County, CA",96807
"Tehama County, CA",63916
"Trinity County, TX",14740
"Tulare County, CA",465861
"Tuolumne County, CA",54539
"Ventura County, CA",850967
"Yolo County, CA",220408
"Yuba County, CA",78041
"Adams County, WI",20348
"Alamosa County, CO",16683
"Arapahoe County, CO",651215
"Archuleta County, CO",13765
"Baca County, CO",3585
"Bent County, CO",5882
"Boulder County, CO",326078
"Broomfield County, CO",69267
"Chaffee County, CO",20027
"Cheyenne County, NE",9310
"Clear Creek County, CO",9605
"Conejos County, CO",8200
"Costilla County, CO",3828
"Crowley County, CO",5858
"Custer County, SD",8726
"Delta County, TX",5349
"Denver County, CO",716492
"Dolores County, CO",2074
"Douglas County, WI",43208
"Eagle County, CO",54993
"Elbert County, GA",19120
"El Paso County, TX",840758
"Fremont County, WY",39531
"Garfield County, WA",2247
"Gilpin County, CO",6121
"Grand County, UT",9764
"Gunnison County, CO",17246
"Hinsdale County, CO",811
"Huerfano County, CO",6889
"Kiowa County, OK",8729
"Kit Carson County, CO",7163
"La Plata County, CO",56310
"Larimer County, CO",350518
"Las Animas County, CO",14503
"Mesa County, CO",153207
"Mineral County, WV",26940
"Moffat County, CO",13188
"Montezuma County, CO",26158
"Montrose County, CO",42214
"Otero County, NM",66781
"Ouray County, CO",4833
"Park County, WY",29324
"Pitkin County, CO",17950
"Prowers County, CO",12164
"Pueblo County, CO",167529
"Rio Blanco County, CO",6336
"Rio Grande County, CO",11250
"Routt County, CO",25733
"Saguache County, CO",6843
"San Juan County, WA",17128
"San Miguel County, NM",27591
"Sedgwick County, KS",513607
"Summit County, UT",41933
"Teller County, CO",25083
"Weld County, CO",314305
"Fairfield County, SC",22402
"Hartford County, CT",892697
"Litchfield County, CT",181111
"Middlesex County, VA",10769
"New Haven County, CT",857620
"New London County, CT",266784
"Tolland County, CT",150921
"Windham County, VT",42756
"Kent County, TX",726
"New Castle County, DE",559335
"Sussex County, VA",11237
"District of Columbia, DC",702455
"Alachua County, FL",269956
"Baker County, OR",16006
"Bay County, MI",103923
"Bradford County, PA",60833
"Brevard County, FL",596849
"Broward County, FL",1951260
"Charlotte County, VA",11938
"Citrus County, FL",147929
"Collier County, FL",378488
"DeSoto County, MS",182001
"Dixie County, FL",16700
"Duval County, TX",11212
"Flagler County, FL",112067
"Gadsden County, FL",45894
"Gilchrist County, FL",18256
"Glades County, FL",13724
"Gulf County, FL",16164
"Hamilton County, TX",8484
"Hardee County, FL",27245
"Hendry County, FL",41556
"Hernando County, FL",190865
"Highlands County, FL",105424
"Hillsborough County, NH",415247
"Holmes County, OH",43892
"Indian River County, FL",157413
"Leon County, TX",17270
"Levy County, FL",40770
"Liberty County, TX",86323
"Manatee County, FL",394855
"Martin County, TX",5753
"Miami-Dade County, FL",2761581
"Nassau County, NY",1358343
"Okaloosa County, FL",207269
"Okeechobee County, FL",41537
"Osceola County, MI",23341
"Palm Beach County, FL",1485941
"Pasco County, FL",539630
"Pinellas County, FL",975280
"Putnam County, WV",56682
"St. Johns County, FL",254261
"St. Lucie County, FL",321128
"Santa Rosa County, FL",179349
"Sarasota County, FL",426718
"Seminole County, OK",24578
"Suwannee County, FL",44191
"Taylor County, WI",20412
"Volusia County, FL",547538
"Wakulla County, FL",32461
"Walton County, GA",93503
"Appling County, GA",18507
"Atkinson County, GA",8297
"Bacon County, GA",11185
"Banks County, GA",18988
"Barrow County, GA",80809
"Bartow County, GA",106408
"Ben Hill County, GA",16787
"Berrien County, MI",154141
"Bleckley County, GA",12838
"Brantley County, GA",18897
"Brooks County, TX",7114
"Bryan County, OK",47192
"Bulloch County, GA",77296
"Burke County, ND",2100
"Butts County, GA",24193
"Camden County, NC",10710
"Candler County, GA",10836
"Catoosa County, GA",67420
"Charlton County, GA",12968
"Chatham County, NC",73139
"Chattahoochee County, GA",10684
"Chattooga County, GA",24790
"Clayton County, IA",17556
"Clinch County, GA",6648
"Cobb County, GA",756865
"Colquitt County, GA",45592
"Cook County, MN",5393
"Coweta County, GA",145864
"Crisp County, GA",22601
"Dade County, MO",7569
"Dawson County, TX",12619
"Decatur County, TN",11706
"Dodge County, WI",87847
"Dooly County, GA",13706
"Dougherty County, GA",91243
"Early County, GA",10247
"Echols County, GA",4000
"Effingham County, IL",34208
"Emanuel County, GA",22612
"Evans County, GA",10721
"Fannin County, TX",35286
"Floyd County, VA",15795
"Forsyth County, NC",379099
"Gilmer County, WV",8026
"Glascock County, GA",2995
"Glynn County, GA",85219
"Gordon County, GA",57685
"Grady County, OK",55551
"Gwinnett County, GA",927781
"Habersham County, GA",45388
"Hall County, TX",3028
"Hancock County, WV",29094
"Haralson County, GA",29533
"Harris County, TX",4698619
"Hart County, KY",18906
"Heard County, GA",11879
"Irwin County, GA",9398
"Jasper County, TX",35872
"Jeff Davis County, TX",2252
"Jenkins County, GA",8683
"Jones County, TX",19817
"Lanier County, GA",10340
"Laurens County, SC",66994
"Long County, GA",18998
"Lumpkin County, GA",32955
"McDuffie County, GA",21531
"McIntosh County, OK",19815
"Meriwether County, GA",21068
"Mitchell County, TX",8145
"Murray County, OK",13953
"Muscogee County, GA",194160
"Oconee County, SC",78374
"Oglethorpe County, GA",15054
"Paulding County, OH",18760
"Peach County, GA",27297
"Pierce County, WI",42555
"Quitman County, MS",7051
"Rabun County, GA",16867
"Richmond County, VA",9038
"Rockdale County, GA",90594
"Schley County, GA",5236
"Screven County, GA",13938
"Spalding County, GA",66100
"Stephens County, TX",9433
"Stewart County, TN",13561
"Talbot County, MD",36968
"Taliaferro County, GA",1608
"Tattnall County, GA",25391
"Telfair County, GA",15876
"Terrell County, TX",823
"Thomas County, NE",720
"Tift County, GA",40571
"Toombs County, GA",26887
"Towns County, GA",11852
"Treutlen County, GA",6809
"Troup County, GA",70034
"Turner County, SD",8424
"Twiggs County, GA",8188
"Upson County, GA",26215
"Walker County, TX",72480
"Ware County, GA",35680
"Warren County, VA",40003
"Wayne County, WV",39944
"Webster County, WV",8285
"Wheeler County, TX",5191
"Whitfield County, GA",104062
"Wilkes County, NC",68557
"Wilkinson County, MS",8792
"Worth County, MO",2040
"Hawaii County, HI",200983
"Honolulu County, HI",980080
"Kalawao County, HI",88
"Kauai County, HI",72133
"Maui County, HI",167207
"Ada County, ID",469966
"Bannock County, ID",87138
"Bear Lake County, ID",6050
"Benewah County, ID",9226
"Bingham County, ID",46236
"Blaine County, OK",9485
"Boise County, ID",7634
"Bonner County, ID",44727
"Bonneville County, ID",116854
"Boundary County, ID",11948
"Camas County, ID",1127
"Canyon County, ID",223499
"Caribou County, ID",7060
"Cassia County, ID",23864
"Clearwater County, MN",8810
"Gem County, ID",17634
"Gooding County, ID",15196
"Idaho County, ID",16513
"Jerome County, ID",24015
"Kootenai County, ID",161505
"Latah County, ID",40134
"Lemhi County, ID",7961
"Lewis County, WV",16024
"Minidoka County, ID",20825
"Nez Perce County, ID",40408
"Oneida County, WI",35470
"Owyhee County, ID",11693
"Payette County, ID",23551
"Power County, ID",7768
"Shoshone County, ID",12796
"Teton County, WY",23081
"Twin Falls County, ID",86081
"Valley County, NE",4190
"Alexander County, NC",37353
"Bond County, IL",16630
"Brown County, WI",263378
"Bureau County, IL",32993
"Cass County, TX",30119
"Champaign County, OH",38754
"Christian County, MO",86983
"Clinton County, PA",38684
"Coles County, IL",50885
"Cook County, IL",5211000
"Cumberland County, VA",9809
"De Witt County, IL",15769
"DuPage County, IL",928589
"Edgar County, IL",17360
"Edwards County, TX",1928
"Ford County, KS",33888
"Gallatin County, MT",111876
"Grundy County, TN",13346
"Hardin County, TX",57207
"Henderson County, TX",82299
"Iroquois County, IL",27604
"Jersey County, IL",21847
"Jo Daviess County, IL",21366
"Kane County, UT",7709
"Kankakee County, IL",110024
"Kendall County, TX",45641
"Knox County, TX",3653
"LaSalle County, IL",109430
"Livingston County, NY",63227
"McDonough County, IL",29955
"McHenry County, ND",5816
"McLean County, ND",9541
"Macoupin County, IL",45313
"Mason County, WV",26718
"Massac County, IL",14080
"Menard County, TX",2139
"Mercer County, WV",59131
"Moultrie County, IL",14717
"Ogle County, IL",50923
"Peoria County, IL",180621
"Piatt County, IL",16396
"Richland County, WI",17377
"Rock Island County, IL",143477
"Sangamon County, IL",195348
"Schuyler County, NY",17912
"Stark County, OH",371574
"Stephenson County, IL",44753
"Tazewell County, VA",40855
"Vermilion County, IL",76806
"Wabash County, IN",31280
"Whiteside County, IL",55626
"Will County, IL",692310
"Williamson County, TX",566719
"Winnebago County, WI",171020
"Woodford County, KY",26533
"Allen County, OH",102663
"Bartholomew County, IN",82753
"Blackford County, IN",11930
"Daviess County, MO",8313
"Dearborn County, IN",49568
"Delaware County, PA",564751
"Dubois County, IN",42565
"Elkhart County, IN",205560
"Fountain County, IN",16351
"Gibson County, TN",49045
"Harrison County, WV",67554
"Hendricks County, IN",167009
"Huntington County, IN",36240
"Jay County, IN",20764
"Jennings County, IN",27611
"Kosciusko County, IN",79344
"LaGrange County, IN",39330
"LaPorte County, IN",110007
"Miami County, OH",106222
"Noble County, OK",11289
"Ohio County, WV",41755
"Owen County, KY",10880
"Parke County, IN",16927
"Porter County, IN",169594
"Posey County, IN",25540
"Ripley County, MO",13401
"Rush County, KS",3093
"St. Joseph County, MI",61043
"Spencer County, KY",18794
"Starke County, IN",22935
"Steuben County, NY",95796
"Sullivan County, TN",157668
"Switzerland County, IN",10717
"Tippecanoe County, IN",193048
"Tipton County, TN",61581
"Vanderburgh County, IN",180974
"Vermillion County, IN",15479
"Vigo County, IN",107386
"Warrick County, IN",62567
"Wells County, ND",3957
"Whitley County, KY",36242
"Adair County, OK",22082
"Allamakee County, IA",13832
"Appanoose County, IA",12437
"Audubon County, IA",5506
"Black Hawk County, IA",132408
"Bremer County, IA",24947
"Buchanan County, VA",21221
"Buena Vista County, IA",19874
"Cedar County, NE",8446
"Cerro Gordo County, IA",42647
"Chickasaw County, MS",17171
"Davis County, UT",351713
"Des Moines County, IA",39138
"Dickinson County, MI",25383
"Dubuque County, IA",96854
"Emmet County, MI",33308
"Guthrie County, IA",10720
"Ida County, IA",6841
"Iowa County, WI",23771
"Keokuk County, IA",10225
"Kossuth County, IA",14908
"Linn County, OR",127335
"Louisa County, VA",36778
"Lucas County, OH",429899
"Lyon County, NV",55808
"Mahaska County, IA",22000
"Mills County, TX",4921
"Monona County, IA",8679
"Muscatine County, IA",42929
"O'Brien County, IA",13840
"Page County, VA",23933
"Palo Alto County, IA",8929
"Plymouth County, MA",518132
"Pocahontas County, WV",8414
"Pottawattamie County, IA",93533
"Poweshiek County, IA",18699
"Ringgold County, IA",4968
"Sac County, IA",9719
"Sioux County, ND",4358
"Story County, IA",98105
"Tama County, IA",16904
"Wapello County, IA",35205
"Winneshiek County, IA",20029
"Woodbury County, IA",102539
"Wright County, MO",18378
"Anderson County, TX",58057
"Atchison County, MO",5171
"Barber County, KS",4472
"Barton County, MO",11798
"Bourbon County, KY",20184
"Chase County, NE",3977
"Chautauqua County, NY",127939
"Cloud County, KS",8729
"Coffey County, KS",8233
"Comanche County, TX",13534
"Cowley County, KS",35218
"Doniphan County, KS",7682
"Elk County, PA",30169
"Ellis County, TX",179436
"Ellsworth County, KS",6196
"Finney County, KS",36611
"Geary County, KS",32594
"Gove County, KS",2612
"Gray County, TX",21895
"Greeley County, NE",2356
"Greenwood County, SC",70741
"Harper County, OK",3797
"Harvey County, KS",34210
"Haskell County, TX",5813
"Hodgeman County, KS",1818
"Jewell County, KS",2841
"Kearny County, KS",3943
"Kingman County, KS",7310
"Labette County, KS",19964
"Lane County, OR",379611
"Leavenworth County, KS",81352
"McPherson County, SD",2407
"Meade County, SD",28294
"Morris County, TX",12339
"Morton County, ND",31095
"Nemaha County, NE",6958
"Neosho County, KS",15951
"Ness County, KS",2840
"Norton County, KS",5430
"Osage County, OK",47014
"Osborne County, KS",3475
"Ottawa County, OK",31175
"Pawnee County, OK",16390
"Pottawatomie County, OK",72679
"Pratt County, KS",9378
"Rawlins County, KS",2508
"Reno County, KS",62342
"Republic County, KS",4664
"Rice County, MN",66523
"Riley County, KS",73703
"Rooks County, KS",5013
"Seward County, NE",17318
"Shawnee County, KS",177499
"Sheridan County, WY",30233
"Sherman County, TX",3079
"Smith County, TX",230221
"Stafford County, VA",149960
"Stanton County, NE",5970
"Stevens County, WA",45260
"Sumner County, TN",187149
"Trego County, KS",2793
"Wabaunsee County, KS",6899
"Wallace County, KS",1503
"Wichita County, TX",132064
"Wilson County, TX",50224
"Woodson County, KS",3183
"Wyandotte County, KS",165324
"Ballard County, KY",7979
"Barren County, KY",44176
"Bath County, VA",4292
"Bell County, TX",355642
"Boyd County, NE",1955
"Boyle County, KY",30100
"Bracken County, KY",8239
"Breathitt County, KY",12726
"Breckinridge County, KY",20388
"Bullitt County, KY",81069
"Caldwell County, TX",43247
"Calloway County, KY",39135
"Campbell County, WY",46140
"Carlisle County, KY",4771
"Carter County, TN",56351
"Casey County, KY",15888
"Edmonson County, KY",12274
"Elliott County, KY",7508
"Estill County, KY",14198
"Fleming County, KY",14432
"Garrard County, KY",17560
"Graves County, KY",37317
"Grayson County, VA",15631
"Green County, WI",36929
"Greenup County, KY",35268
"Harlan County, NE",3401
"Hickman County, TN",25063
"Hopkins County, TX",36810
"Jessamine County, KY",53920
"Kenton County, KY",166051
"Knott County, KY",15126
"Larue County, KY",14307
"Laurel County, KY",60669
"Leslie County, KY",10143
"Letcher County, KY",21899
"McCracken County, KY",65346
"McCreary County, KY",17408
"Magoffin County, KY",12362
"Menifee County, KY",6451
"Metcalfe County, KY",10030
"Muhlenberg County, KY",30774
"Nelson County, VA",14836
"Nicholas County, WV",24842
"Oldham County, TX",2131
"Owsley County, KY",4472
"Pendleton County, WV",6997
"Powell County, MT",6968
"Robertson County, TX",17284
"Rockcastle County, KY",16750
"Rowan County, NC",141262
"Simpson County, MS",26758
"Todd County, SD",10283
"Trigg County, KY",14643
"Trimble County, KY",8515
"Wolfe County, KY",7177
"Acadia Parish, LA",62190
"Allen Parish, LA",25605
"Ascension Parish, LA",124672
"Assumption Parish, LA",22300
"Avoyelles Parish, LA",40462
"Beauregard Parish, LA",37253
"Bienville Parish, LA",13308
"Bossier Parish, LA",127185
"Caddo Parish, LA",242922
"Calcasieu Parish, LA",203112
"Caldwell Parish, LA",9960
"Cameron Parish, LA",6968
"Catahoula Parish, LA",9608
"Claiborne Parish, LA",15944
"Concordia Parish, LA",19572
"De Soto Parish, LA",27436
"East Baton Rouge Parish, LA",440956
"East Carroll Parish, LA",7037
"East Feliciana Parish, LA",19305
"Evangeline Parish, LA",33443
"Franklin Parish, LA",20156
"Grant Parish, LA",22482
"Iberia Parish, LA",70941
"Iberville Parish, LA",32721
"Jackson Parish, LA",15902
"Jefferson Parish, LA",434051
"Jefferson Davis Parish, LA",31582
"Lafayette Parish, LA",242782
"Lafourche Parish, LA",98115
"LaSalle Parish, LA",14917
"Lincoln Parish, LA",47196
"Livingston Parish, LA",139567
"Madison Parish, LA",11161
"Morehouse Parish, LA",25398
"Natchitoches Parish, LA",38659
"Orleans Parish, LA",391006
"Ouachita Parish, LA",154475
"Plaquemines Parish, LA",23410
"Pointe Coupee Parish, LA",21940
"Rapides Parish, LA",130562
"Red River Parish, LA",8477
"Richland Parish, LA",20192
"Sabine Parish, LA",24032
"St. Bernard Parish, LA",46721
"St. Charles Parish, LA",52879
"St. Helena Parish, LA",10262
"St. James Parish, LA",21037
"St. John the Baptist Parish, LA",43184
"St. Landry Parish, LA",82764
"St. Martin Parish, LA",53621
"St. Mary Parish, LA",49774
"St. Tammany Parish, LA",258111
"Tangipahoa Parish, LA",133777
"Tensas Parish, LA",4462
"Terrebonne Parish, LA",111021
"Union Parish, LA",22330
"Vermilion Parish, LA",59830
"Vernon Parish, LA",48860
"Washington Parish, LA",46582
"Webster Parish, LA",38798
"West Baton Rouge Parish, LA",26427
"West Carroll Parish, LA",10982
"West Feliciana Parish, LA",15460
"Winn Parish, LA",14134
"Androscoggin County, ME",107679
"Aroostook County, ME",67111
"Kennebec County, ME",122083
"Oxford County, ME",57618
"Penobscot County, ME",151096
"Piscataquis County, ME",16800
"Sagadahoc County, ME",35634
"Somerset County, PA",73952
"Waldo County, ME",39694
"York County, VA",67846
"Allegany County, NY",46430
"Anne Arundel County, MD",576031
"Baltimore County, MD",828431
"Calvert County, MD",92003
"Caroline County, VA",30772
"Cecil County, MD",102826
"Charles County, MD",161503
"Dorchester County, SC",160647
"Frederick County, VA",88355
"Garrett County, MD",29163
"Harford County, MD",253956
"Prince George's County, MD",909308
"Queen Anne's County, MD",50251
"St. Mary's County, MD",112664
"Wicomico County, MD",103195
"Worcester County, MA",830839
"Baltimore city, MD",602495
"Barnstable County, MA",213413
"Berkshire County, MA",126348
"Bristol County, RI",48649
"Dukes County, MA",17352
"Essex County, VA",10919
"Hampden County, MA",470406
"Hampshire County, WV",23347
"Nantucket County, MA",11327
"Norfolk County, MA",705388
"Suffolk County, NY",1481093
"Alcona County, MI",10362
"Alger County, MI",9097
"Allegan County, MI",117327
"Alpena County, MI",28360
"Antrim County, MI",23365
"Arenac County, MI",15041
"Baraga County, MI",8320
"Barry County, MO",35886
"Benzie County, MI",17753
"Branch County, MI",43622
"Charlevoix County, MI",26244
"Cheboygan County, MI",25413
"Chippewa County, WI",64135
"Clare County, MI",30757
"Eaton County, MI",109826
"Genesee County, NY",57511
"Gladwin County, MI",25337
"Gogebic County, MI",15096
"Grand Traverse County, MI",92573
"Gratiot County, MI",40599
"Hillsdale County, MI",45749
"Houghton County, MI",36219
"Huron County, OH",58504
"Ingham County, MI",292735
"Ionia County, MI",64210
"Iosco County, MI",25081
"Iron County, WI",5676
"Isabella County, MI",70562
"Kalamazoo County, MI",264870
"Kalkaska County, MI",17824
"Keweenaw County, MI",2113
"Lapeer County, MI",88028
"Leelanau County, MI",21764
"Lenawee County, MI",98266
"Luce County, MI",6283
"Mackinac County, MI",10787
"Macomb County, MI",874759
"Manistee County, MI",24528
"Marquette County, WI",15434
"Mecosta County, MI",43545
"Menominee County, WI",4658
"Midland County, TX",172578
"Missaukee County, MI",15113
"Montcalm County, MI",63968
"Montmorency County, MI",9265
"Muskegon County, MI",173588
"Newaygo County, MI",48892
"Oakland County, MI",1259201
"Oceana County, MI",26625
"Ogemaw County, MI",20952
"Ontonagon County, MI",5795
"Oscoda County, MI",8276
"Otsego County, NY",59749
"Presque Isle County, MI",12738
"Roscommon County, MI",23884
"Saginaw County, MI",190800
"Sanilac County, MI",41182
"Schoolcraft County, MI",8068
"Shiawassee County, MI",68192
"Tuscola County, MI",52516
"Washtenaw County, MI",370963
"Wexford County, MI",33466
"Aitkin County, MN",15902
"Anoka County, MN",353813
"Becker County, MN",34371
"Beltrami County, MN",46847
"Big Stone County, MN",4989
"Blue Earth County, MN",67427
"Carlton County, MN",35837
"Carver County, MN",103551
"Chisago County, MN",55922
"Cottonwood County, MN",11277
"Crow Wing County, MN",64889
"Dakota County, NE",20083
"Faribault County, MN",13758
"Fillmore County, NE",5527
"Freeborn County, MN",30444
"Goodhue County, MN",46403
"Hennepin County, MN",1259428
"Hubbard County, MN",21332
"Isanti County, MN",39966
"Itasca County, MN",45108
"Kanabec County, MN",16207
"Kandiyohi County, MN",42855
"Kittson County, MN",4248
"Koochiching County, MN",12440
"Lac qui Parle County, MN",6658
"Lake of the Woods County, MN",3758
"Le Sueur County, MN",28494
"McLeod County, MN",35873
"Mahnomen County, MN",5519
"Meeker County, MN",23141
"Mille Lacs County, MN",26139
"Morrison County, MN",33169
"Mower County, MN",40011
"Nicollet County, MN",34220
"Nobles County, MN",21924
"Norman County, MN",6475
"Olmsted County, MN",156277
"Otter Tail County, MN",58812
"Pennington County, SD",111729
"Pine County, MN",29483
"Pipestone County, MN",9047
"Ramsey County, ND",11481
"Red Lake County, MN",3999
"Redwood County, MN",15249
"Renville County, ND",2374
"Rock County, WI",163129
"Roseau County, MN",15150
"St. Louis County, MO",996945
"Sherburne County, MN",96036
"Sibley County, MN",15028
"Stearns County, MN",159256
"Steele County, ND",1903
"Swift County, MN",9345
"Traverse County, MN",3308
"Wabasha County, MN",21645
"Wadena County, MN",13773
"Waseca County, MN",18691
"Watonwan County, MN",10980
"Wilkin County, MN",6254
"Winona County, MN",50825
"Yellow Medicine County, MN",9795
"Alcorn County, MS",36925
"Amite County, MS",12326
"Attala County, MS",18365
"Bolivar County, MS",31333
"Claiborne County, TN",31756
"Coahoma County, MS",22628
"Copiah County, MS",28543
"Forrest County, MS",75036
"George County, MS",24250
"Grenada County, MS",21055
"Hinds County, MS",237085
"Humphreys County, TN",18486
"Issaquena County, MS",1308
"Itawamba County, MS",23517
"Jefferson Davis County, MS",11234
"Kemper County, MS",10027
"Leake County, MS",22763
"Leflore County, MS",28919
"Neshoba County, MS",29125
"Noxubee County, MS",10535
"Oktibbeha County, MS",49599
"Panola County, TX",23148
"Pearl River County, MS",55387
"Pontotoc County, OK",38247
"Prentiss County, MS",25315
"Rankin County, MS",153902
"Sharkey County, MS",4377
"Sunflower County, MS",25735
"Tallahatchie County, MS",13987
"Tate County, MS",28759
"Tippah County, MS",21995
"Tishomingo County, MS",19454
"Tunica County, MS",9944
"Walthall County, MS",14465
"Yalobusha County, MS",12392
"Yazoo County, MS",28248
"Andrew County, MO",17607
"Audrain County, MO",25473
"Bates County, MO",16320
"Bollinger County, MO",12169
"Callaway County, MO",44889
"Cape Girardeau County, MO",78753
"Chariton County, MO",7451
"Cole County, MO",76796
"Cooper County, MO",17603
"Dent County, MO",15441
"Dunklin County, MO",29423
"Gasconade County, MO",14705
"Gentry County, MO",6628
"Hickory County, MO",9509
"Holt County, NE",10178
"Howell County, MO",40076
"Laclede County, MO",35713
"McDonald County, MO",23078
"Maries County, MO",8769
"Moniteau County, MO",16121
"New Madrid County, MO",17296
"Nodaway County, MO",22304
"Oregon County, MO",10541
"Ozark County, MO",9017
"Pemiscot County, MO",16272
"Pettis County, MO",42542
"Phelps County, NE",8996
"Platte County, WY",8566
"Ralls County, MO",10212
"Ray County, MO",22883
"Reynolds County, MO",6254
"St. Charles County, MO",399182
"Ste. Genevieve County, MO",17888
"St. Francois County, MO",66692
"Scotland County, NC",34810
"Shannon County, MO",8189
"Stoddard County, MO",29206
"Taney County, MO",55852
"Texas County, OK",20455
"Vernon County, WI",30785
"St. Louis city, MO",302838
"Beaverhead County, MT",9404
"Big Horn County, WY",11881
"Broadwater County, MT",6085
"Carbon County, WY",14971
"Cascade County, MT",81643
"Chouteau County, MT",5745
"Daniels County, MT",1747
"Deer Lodge County, MT",9131
"Fallon County, MT",2920
"Fergus County, MT",11113
"Flathead County, MT",102106
"Glacier County, MT",13747
"Golden Valley County, ND",1769
"Granite County, MT",3378
"Hill County, TX",36354
"Judith Basin County, MT",1952
"Lewis and Clark County, MT",68700
"McCone County, MT",1675
"Meagher County, MT",1866
"Missoula County, MT",118791
"Musselshell County, MT",4651
"Petroleum County, MT",513
"Pondera County, MT",5972
"Powder River County, MT",1716
"Ravalli County, MT",43172
"Roosevelt County, NM",18743
"Rosebud County, MT",9063
"Sanders County, MT",11844
"Silver Bow County, MT",34993
"Stillwater County, MT",9534
"Sweet Grass County, MT",3710
"Toole County, MT",4853
"Treasure County, MT",679
"Wheatland County, MT",2236
"Wibaux County, MT",1034
"Yellowstone County, MT",160137
"Antelope County, NE",6336
"Arthur County, NE",465
"Banner County, NE",730
"Box Butte County, NE",10772
"Buffalo County, WI",13125
"Burt County, NE",6488
"Cherry County, NE",5761
"Colfax County, NM",12110
"Cuming County, NE",8940
"Dawes County, NE",8716
"Deuel County, SD",4337
"Dixon County, NE",5709
"Dundy County, NE",1770
"Frontier County, NE",2608
"Furnas County, NE",4715
"Gage County, NE",21493
"Garden County, NE",1897
"Gosper County, NE",1996
"Hayes County, NE",916
"Hitchcock County, NE",2806
"Hooker County, NE",682
"Kearney County, NE",6544
"Keith County, NE",8021
"Keya Paha County, NE",810
"Kimball County, NE",3618
"Lancaster County, VA",10783
"Loup County, NE",618
"Merrick County, NE",7733
"Morrill County, NE",4686
"Nance County, NE",3532
"Nuckolls County, NE",4195
"Otoe County, NE",15985
"Perkins County, SD",2922
"Red Willow County, NE",10726
"Richardson County, NE",7937
"Sarpy County, NE",184459
"Saunders County, NE",21303
"Scotts Bluff County, NE",35989
"Thayer County, NE",5039
"Thurston County, WA",286419
"Churchill County, NV",24440
"Elko County, NV",52460
"Esmeralda County, NV",826
"Eureka County, NV",2003
"Lander County, NV",5575
"Nye County, NV",45346
"Pershing County, NV",6666
"Storey County, NV",4029
"Washoe County, NV",465735
"White Pine County, NV",9475
"Carson City, NV",55414
"Belknap County, NH",61022
"Cheshire County, NH",76493
"Coos County, OR",64389
"Grafton County, NH",89786
"Merrimack County, NH",151132
"Rockingham County, VA",81244
"Strafford County, NH",130090
"Atlantic County, NJ",265429
"Bergen County, NJ",936692
"Burlington County, NJ",445384
"Cape May County, NJ",92560
"Gloucester County, VA",37349
"Hudson County, NJ",676061
"Hunterdon County, NJ",124714
"Monmouth County, NJ",621354
"Ocean County, NJ",601651
"Passaic County, NJ",503310
"Salem County, NJ",62607
"Bernalillo County, NM",678701
"Catron County, NM",3578
"Chaves County, NM",64689
"Cibola County, NM",26746
"Curry County, OR",22813
"De Baca County, NM",1781
"Doña Ana County, NM",217522
"Eddy County, ND",2313
"Guadalupe County, TX",163694
"Harding County, SD",1249
"Hidalgo County, TX",865939
"Lea County, NM",69611
"Los Alamos County, NM",19101
"Luna County, NM",23963
"McKinley County, NM",72290
"Mora County, NM",4506
"Quay County, NM",8253
"Rio Arriba County, NM",39006
"Sandoval County, NM",145179
"Santa Fe County, NM",150056
"Socorro County, NM",16735
"Taos County, NM",32835
"Torrance County, NM",15591
"Valencia County, NM",76456
"Albany County, WY",38601
"Bronx County, NY",1432132
"Broome County, NY",191659
"Cattaraugus County, NY",76840
"Cayuga County, NY",77145
"Chemung County, NY",84254
"Chenango County, NY",47536
"Cortland County, NY",47823
"Dutchess County, NY",293718
"Erie County, PA",272061
"Herkimer County, NY",61833
"New York County, NY",1628701
"Niagara County, NY",210433
"Onondaga County, NY",461809
"Ontario County, NY",109864
"Orleans County, VT",26907
"Oswego County, NY",117898
"Queens County, NY",2278906
"Rensselaer County, NY",159442
"Rockland County, NY",325695
"St. Lawrence County, NY",108047
"Saratoga County, NY",230163
"Schenectady County, NY",155350
"Schoharie County, NY",31097
"Seneca County, OH",55207
"Tioga County, PA",40763
"Tompkins County, NY",102793
"Ulster County, NY",178599
"Westchester County, NY",967612
"Wyoming County, WV",20786
"Yates County, NY",24841
"Alamance County, NC",166436
"Alleghany County, VA",14910
"Anson County, NC",24877
"Ashe County, NC",27109
"Avery County, NC",17505
"Beaufort County, SC",188715
"Bertie County, NC",19026
"Bladen County, NC",33190
"Brunswick County, VA",16384
"Buncombe County, NC",259103
"Cabarrus County, NC",211342
"Carteret County, NC",69524
"Caswell County, NC",22698
"Catawba County, NC",158652
"Chowan County, NC",14029
"Columbus County, NC",55655
"Craven County, NC",102912
"Currituck County, NC",27072
"Dare County, NC",36501
"Davidson County, TN",692587
"Davie County, NC",42733
"Duplin County, NC",58856
"Durham County, NC",316739
"Edgecombe County, NC",52005
"Gaston County, NC",222846
"Gates County, NC",11573
"Granville County, NC",60115
"Guilford County, NC",533670
"Halifax County, VA",34120
"Harnett County, NC",134214
"Haywood County, TN",17335
"Hertford County, NC",23659
"Hoke County, NC",54764
"Hyde County, SD",1282
"Iredell County, NC",178435
"Johnston County, OK",10949
"Lenoir County, NC",55976
"McDowell County, WV",18223
"Mecklenburg County, VA",30650
"Moore County, TX",21485
"Nash County, NC",94016
"New Hanover County, NC",232274
"Northampton County, VA",11735
"Onslow County, NC",197683
"Pamlico County, NC",12670
"Pasquotank County, NC",39639
"Pender County, NC",62162
"Perquimans County, NC",13422
"Person County, NC",39507
"Pitt County, NC",179914
"Robeson County, NC",131831
"Rutherford County, TN",324890
"Sampson County, NC",63626
"Stanly County, NC",62075
"Stokes County, NC",45467
"Surry County, VA",6474
"Swain County, NC",14245
"Transylvania County, NC",34215
"Tyrrell County, NC",4131
"Vance County, NC",44582
"Wake County, NC",1092305
"Watauga County, NC",55945
"Yadkin County, NC",37543
"Yancey County, NC",17903
"Barnes County, ND",10542
"Benson County, ND",6962
"Billings County, ND",919
"Bottineau County, ND",6411
"Bowman County, ND",3076
"Burleigh County, ND",95273
"Cavalier County, ND",3829
"Dickey County, ND",4903
"Divide County, ND",2283
"Dunn County, WI",45131
"Emmons County, ND",3295
"Foster County, ND",3216
"Grand Forks County, ND",70770
"Griggs County, ND",2232
"Hettinger County, ND",2514
"Kidder County, ND",2450
"LaMoure County, ND",4062
"McKenzie County, ND",13632
"Mountrail County, ND",10218
"Oliver County, ND",1952
"Pembina County, ND",6947
"Ransom County, ND",5237
"Rolette County, ND",14301
"Sargent County, ND",3870
"Slope County, ND",763
"Stutsman County, ND",20917
"Towner County, ND",2192
"Traill County, ND",8037
"Walsh County, ND",10667
"Ward County, TX",11720
"Williams County, OH",36804
"Ashland County, WI",15600
"Ashtabula County, OH",97493
"Athens County, OH",65818
"Auglaize County, OH",45804
"Belmont County, OH",67505
"Clermont County, OH",205466
"Columbiana County, OH",102665
"Coshocton County, OH",36629
"Cuyahoga County, OH",1243857
"Darke County, OH",51323
"Defiance County, OH",38165
"Gallia County, OH",29979
"Geauga County, OH",94031
"Guernsey County, OH",39022
"Highland County, VA",2210
"Hocking County, OH",28385
"Licking County, OH",175769
"Lorain County, OH",309461
"Mahoning County, OH",229642
"Medina County, TX",50921
"Meigs County, TN",12306
"Morrow County, OR",11372
"Muskingum County, OH",86183
"Pickaway County, OH",58086
"Portage County, WI",70942
"Preble County, OH",40997
"Ross County, OH",76931
"Sandusky County, OH",58799
"Scioto County, OH",75502
"Trumbull County, OH",198627
"Tuscarawas County, OH",92176
"Van Wert County, OH",28281
"Vinton County, OH",13139
"Wood County, WI",73055
"Wyandot County, OH",21935
"Alfalfa County, OK",5754
"Atoka County, OK",13838
"Beaver County, UT",6580
"Beckham County, OK",21709
"Caddo County, OK",28977
"Canadian County, OK",144447
"Cimarron County, OK",2153
"Coal County, OK",5520
"Cotton County, OK",5776
"Craig County, VA",5064
"Creek County, OK",71604
"Dewey County, SD",5904
"Garvin County, OK",27811
"Greer County, OK",5821
"Harmon County, OK",2664
"Hughes County, SD",17650
"Kay County, OK",44161
"Kingfisher County, OK",15816
"Latimer County, OK",10231
"Le Flore County, OK",49980
"Love County, OK",10134
"McClain County, OK",39985
"McCurtain County, OK",32703
"Major County, OK",7644
"Mayes County, OK",41107
"Muskogee County, OK",68362
"Nowata County, OK",10218
"Okfuskee County, OK",12098
"Oklahoma County, OK",792582
"Okmulgee County, OK",38335
"Payne County, OK",82040
"Pittsburg County, OK",43877
"Pushmataha County, OK",11179
"Roger Mills County, OK",3656
"Rogers County, OK",91984
"Sequoyah County, OK",41179
"Tillman County, OK",7348
"Tulsa County, OK",648360
"Wagoner County, OK",80110
"Washita County, OK",11127
"Woods County, OK",8897
"Woodward County, OK",20222
"Clackamas County, OR",416075
"Clatsop County, OR",39764
"Crook County, WY",7450
"Deschutes County, OR",191996
"Gilliam County, OR",1894
"Harney County, OR",7329
"Hood River County, OR",23428
"Josephine County, OR",87393
"Klamath County, OR",67653
"Malheur County, OR",30725
"Multnomah County, OR",811880
"Tillamook County, OR",26787
"Umatilla County, OR",77516
"Wallowa County, OR",7081
"Wasco County, OR",26505
"Yamhill County, OR",107002
"Allegheny County, PA",1218452
"Armstrong County, TX",1892
"Bedford County, VA",78747
"Berks County, PA",420152
"Blair County, PA",122492
"Bucks County, PA",628195
"Cambria County, PA",131730
"Cameron County, TX",423908
"Centre County, PA",162805
"Chester County, TN",17276
"Clarion County, PA",38779
"Clearfield County, PA",79388
"Dauphin County, PA",277097
"Forest County, WI",8991
"Huntingdon County, PA",45168
"Indiana County, PA",84501
"Juniata County, PA",24704
"Lackawanna County, PA",210793
"Lebanon County, PA",141314
"Lehigh County, PA",368100
"Luzerne County, PA",317646
"Lycoming County, PA",113664
"McKean County, PA",40968
"Mifflin County, PA",46222
"Montour County, PA",18240
"Northumberland County, VA",12147
"Philadelphia County, PA",1584138
"Potter County, TX",119648
"Schuylkill County, PA",142067
"Snyder County, PA",40540
"Susquehanna County, PA",40589
"Venango County, PA",51266
"Westmoreland County, VA",17830
"Newport County, RI",82542
"Providence County, RI",636084
"Abbeville County, SC",24541
"Aiken County, SC",169401
"Allendale County, SC",8903
"Bamberg County, SC",14275
"Barnwell County, SC",21112
"Berkeley County, WV",117123
"Charleston County, SC",405905
"Chesterfield County, VA",348556
"Clarendon County, SC",33700
"Colleton County, SC",37660
"Darlington County, SC",66802
"Dillon County, SC",30599
"Edgefield County, SC",27052
"Florence County, WI",4321
"Georgetown County, SC",62249
"Greenville County, SC",514213
"Hampton County, SC",19351
"Horry County, SC",344147
"Kershaw County, SC",65592
"Lexington County, SC",295032
"McCormick County, SC",9410
"Marlboro County, SC",26398
"Newberry County, SC",38520
"Orangeburg County, SC",86934
"Saluda County, SC",20544
"Spartanburg County, SC",313888
"Williamsburg County, SC",30606
"Aurora County, SD",2801
"Beadle County, SD",18883
"Bennett County, SD",3468
"Bon Homme County, SD",6980
"Brookings County, SD",35232
"Brule County, SD",5229
"Charles Mix County, SD",9338
"Codington County, SD",28015
"Corson County, SD",4165
"Davison County, SD",19790
"Day County, SD",5505
"Edmunds County, SD",3875
"Fall River County, SD",6758
"Faulk County, SD",2330
"Gregory County, SD",4212
"Haakon County, SD",1918
"Hamlin County, SD",6111
"Hand County, SD",3262
"Hanson County, SD",3376
"Hutchinson County, TX",21198
"Jerauld County, SD",2043
"Kingsbury County, SD",4919
"Lyman County, SD",3821
"McCook County, SD",5546
"Mellette County, SD",2042
"Miner County, SD",2213
"Minnehaha County, SD",192876
"Moody County, SD",6579
"Oglala Lakota County, SD",14309
"Roberts County, TX",903
"Sanborn County, SD",2429
"Spink County, SD",6495
"Stanley County, SD",3022
"Sully County, SD",1392
"Tripp County, SD",5478
"Walworth County, WI",103718
"Yankton County, SD",22869
"Ziebach County, SD",2742
"Bledsoe County, TN",14755
"Cannon County, TN",14462
"Cheatham County, TN",40439
"Cocke County, TN",35774
"Crockett County, TX",3499
"Dickson County, TN",53446
"Dyer County, TN",37320
"Fentress County, TN",18217
"Giles County, VA",16844
"Grainger County, TN",23145
"Hamblen County, TN",64569
"Hardeman County, TX",3922
"Hawkins County, TN",56530
"Loudon County, TN",53054
"McMinn County, TN",53285
"McNairy County, TN",25832
"Maury County, TN",94340
"Obion County, TN",30267
"Overton County, TN",22068
"Pickett County, TN",5082
"Rhea County, TN",33044
"Roane County, WV",13932
"Sequatchie County, TN",14876
"Trousdale County, TN",11012
"Unicoi County, TN",17761
"Weakley County, TN",33415
"Andrews County, TX",18128
"Angelina County, TX",87092
"Aransas County, TX",23792
"Archer County, TX",8786
"Atascosa County, TX",50310
"Austin County, TX",29989
"Bailey County, TX",7027
"Bandera County, TX",22824
"Bastrop County, TX",86976
"Baylor County, TX",3582
"Bee County, TX",32587
"Bexar County, TX",1986049
"Blanco County, TX",11702
"Borden County, TX",648
"Bosque County, TX",18691
"Bowie County, TX",94324
"Brazoria County, TX",370200
"Brazos County, TX",226758
"Brewster County, TX",9267
"Briscoe County, TX",1516
"Burleson County, TX",18389
"Burnet County, TX",47542
"Callahan County, TX",13994
"Camp County, TX",13033
"Carson County, TX",6005
"Castro County, TX",7665
"Childress County, TX",7291
"Cochran County, TX",2836
"Coke County, TX",3370
"Coleman County, TX",8397
"Collin County, TX",1005146
"Collingsworth County, TX",2962
"Colorado County, TX",21217
"Comal County, TX",148373
"Concho County, TX",4276
"Cooke County, TX",40574
"Coryell County, TX",74808
"Cottle County, TX",1389
"Crane County, TX",4794
"Crosby County, TX",5779
"Culberson County, TX",2204
"Dallam County, TX",7200
"Deaf Smith County, TX",18760
"Denton County, TX",859064
"DeWitt County, TX",20187
"Dickens County, TX",2249
"Dimmit County, TX",10308
"Donley County, TX",3319
"Eastland County, TX",18322
"Ector County, TX",162124
"Erath County, TX",42446
"Falls County, TX",17335
"Fisher County, TX",3839
"Foard County, TX",1200
"Fort Bend County, TX",787858
"Freestone County, TX",19808
"Frio County, TX",19816
"Gaines County, TX",20901
"Galveston County, TX",337890
"Garza County, TX",6578
"Gillespie County, TX",26804
"Glasscock County, TX",1388
"Goliad County, TX",7584
"Gonzales County, TX",20826
"Gregg County, TX",123707
"Grimes County, TX",28360
"Hansford County, TX",5463
"Hartley County, TX",5619
"Hays County, TX",222631
"Hemphill County, TX",3825
"Hockley County, TX",22980
"Hood County, TX",60537
"Hudspeth County, TX",4795
"Hunt County, TX",96493
"Irion County, TX",1522
"Jack County, TX",8843
"Jim Hogg County, TX",5248
"Jim Wells County, TX",40822
"Karnes County, TX",15650
"Kaufman County, TX",128622
"Kenedy County, TX",442
"Kerr County, TX",52405
"Kimble County, TX",4362
"King County, WA",2233163
"Kinney County, TX",3767
"Kleberg County, TX",31129
"Lamb County, TX",13158
"Lampasas County, TX",21229
"La Salle County, TX",7531
"Lavaca County, TX",20110
"Lipscomb County, TX",3355
"Live Oak County, TX",12166
"Llano County, TX",21646
"Loving County, TX",152
"Lubbock County, TX",307412
"Lynn County, TX",5877
"McCulloch County, TX",7987
"McLennan County, TX",254607
"McMullen County, TX",749
"Matagorda County, TX",36552
"Maverick County, TX",58485
"Milam County, TX",25131
"Montague County, TX",19596
"Motley County, TX",1234
"Nacogdoches County, TX",65711
"Navarro County, TX",49565
"Nolan County, TX",14751
"Nueces County, TX",362265
"Ochiltree County, TX",9947
"Palo Pinto County, TX",28875
"Parker County, TX",138371
"Parmer County, TX",9864
"Pecos County, TX",15673
"Presidio County, TX",6948
"Rains County, TX",12159
"Randall County, TX",136271
"Reagan County, TX",3741
"Real County, TX",3478
"Red River County, TX",12175
"Reeves County, TX",15695
"Refugio County, TX",7032
"Rockwall County, TX",100657
"Runnels County, TX",10234
"Rusk County, WI",14147
"Sabine County, TX",10589
"San Augustine County, TX",8232
"San Jacinto County, TX",28719
"San Patricio County, TX",66893
"San Saba County, TX",6054
"Schleicher County, TX",2895
"Scurry County, TX",16866
"Shackelford County, TX",3253
"Somervell County, TX",9016
"Starr County, TX",64525
"Sterling County, TX",1311
"Stonewall County, TX",1362
"Sutton County, TX",3758
"Swisher County, TX",7462
"Tarrant County, TX",2084931
"Terry County, TX",12287
"Throckmorton County, TX",1515
"Titus County, TX",33033
"Tom Green County, TX",118189
"Travis County, TX",1248743
"Tyler County, WV",8746
"Upshur County, WV",24415
"Upton County, TX",3671
"Uvalde County, TX",26846
"Val Verde County, TX",49208
"Van Zandt County, TX",56019
"Victoria County, TX",92035
"Waller County, TX",53126
"Webb County, TX",275910
"Wharton County, TX",41619
"Wilbarger County, TX",12820
"Willacy County, TX",21515
"Winkler County, TX",7720
"Wise County, VA",38012
"Yoakum County, TX",8591
"Young County, TX",18045
"Zapata County, TX",14190
"Zavala County, TX",11983
"Box Elder County, UT",54950
"Cache County, UT",127068
"Daggett County, UT",980
"Duchesne County, UT",19964
"Emery County, UT",10014
"Juab County, UT",11555
"Millard County, UT",13006
"Piute County, UT",1445
"Rich County, UT",2464
"Salt Lake County, UT",1152633
"Sanpete County, UT",30623
"Tooele County, UT",69907
"Uintah County, UT",35438
"Utah County, UT",622213
"Wasatch County, UT",33240
"Weber County, UT",256359
"Addison County, VT",36973
"Bennington County, VT",35631
"Caledonia County, VT",30302
"Chittenden County, VT",164572
"Grand Isle County, VT",7090
"Lamoille County, VT",25300
"Rutland County, VT",58672
"Windsor County, VT",55286
"Accomack County, VA",32412
"Albemarle County, VA",108718
"Amelia County, VA",13013
"Amherst County, VA",31666
"Appomattox County, VA",15841
"Arlington County, VA",237521
"Augusta County, VA",75457
"Bland County, VA",6293
"Botetourt County, VA",33277
"Buckingham County, VA",16999
"Charles City County, VA",6941
"Culpeper County, VA",51859
"Dickenson County, VA",14523
"Dinwiddie County, VA",28529
"Fairfax County, VA",1150795
"Fauquier County, VA",70675
"Fluvanna County, VA",26783
"Goochland County, VA",23244
"Greensville County, VA",11627
"Hanover County, VA",107239
"Henrico County, VA",329261
"Isle of Wight County, VA",36953
"James City County, VA",76397
"King and Queen County, VA",7042
"King George County, VA",26575
"King William County, VA",16939
"Loudoun County, VA",406850
"Lunenburg County, VA",12086
"Mathews County, VA",8802
"New Kent County, VA",22391
"Nottoway County, VA",15420
"Patrick County, VA",17673
"Pittsylvania County, VA",60949
"Powhatan County, VA",29189
"Prince Edward County, VA",22950
"Prince George County, VA",38082
"Prince William County, VA",468011
"Rappahannock County, VA",7252
"Roanoke County, VA",94073
"Rockbridge County, VA",22752
"Shenandoah County, VA",43497
"Smyth County, VA",30472
"Southampton County, VA",17586
"Spotsylvania County, VA",134238
"Wythe County, VA",28754
"Alexandria city, VA",160530
"Bristol city, VA",16482
"Buena Vista city, VA",6237
"Charlottesville city, VA",48117
"Chesapeake city, VA",242634
"Colonial Heights city, VA",17833
"Covington city, VA",5460
"Danville city, VA",40693
"Emporia city, VA",5121
"Fairfax city, VA",24574
"Falls Church city, VA",14772
"Franklin city, VA",8013
"Fredericksburg city, VA",29144
"Galax city, VA",6423
"Hampton city, VA",134313
"Harrisonburg city, VA",54033
"Hopewell city, VA",22596
"Lexington city, VA",7136
"Lynchburg city, VA",82126
"Manassas city, VA",41641
"Manassas Park city, VA",17307
"Martinsville city, VA",12902
"Newport News city, VA",178626
"Norfolk city, VA",244076
"Norton city, VA",3968
"Petersburg city, VA",31567
"Poquoson city, VA",12190
"Portsmouth city, VA",94632
"Radford city, VA",18339
"Richmond city, VA",228783
"Roanoke city, VA",99920
"Salem city, VA",25643
"Staunton city, VA",24922
"Suffolk city, VA",91185
"Virginia Beach city, VA",450189
"Waynesboro city, VA",22628
"Williamsburg city, VA",14896
"Winchester city, VA",28108
"Asotin County, WA",22610
"Chelan County, WA",77036
"Clallam County, WA",76737
"Cowlitz County, WA",108987
"Ferry County, WA",7649
"Grays Harbor County, WA",73901
"Island County, WA",84460
"Kitsap County, WA",269805
"Kittitas County, WA",47364
"Klickitat County, WA",22107
"Okanogan County, WA",42132
"Pacific County, WA",22036
"Pend Oreille County, WA",13602
"Skagit County, WA",128206
"Skamania County, WA",11924
"Snohomish County, WA",814901
"Spokane County, WA",514631
"Wahkiakum County, WA",4426
"Walla Walla County, WA",60922
"Whatcom County, WA",225685
"Whitman County, WA",49791
"Yakima County, WA",251446
"Braxton County, WV",14089
"Brooke County, WV",22203
"Cabell County, WV",93224
"Doddridge County, WV",8406
"Greenbrier County, WV",34786
"Hardy County, WV",13775
"Kanawha County, WV",180454
"Mingo County, WV",23785
"Monongalia County, WV",106420
"Pleasants County, WV",7507
"Preston County, WV",33839
"Raleigh County, WV",74254
"Ritchie County, WV",9721
"Summers County, WV",12760
"Tucker County, WV",6955
"Wetzel County, WV",15270
"Wirt County, WV",5830
"Barron County, WI",45164
"Bayfield County, WI",15042
"Burnett County, WI",15392
"Calumet County, WI",50159
"Dane County, WI",542364
"Door County, WI",27610
"Eau Claire County, WI",104534
"Fond du Lac County, WI",103066
"Green Lake County, WI",18918
"Juneau County, WI",26617
"Kenosha County, WI",169290
"Kewaunee County, WI",20383
"La Crosse County, WI",118230
"Langlade County, WI",19268
"Manitowoc County, WI",79074
"Marathon County, WI",135428
"Marinette County, WI",40434
"Milwaukee County, WI",948201
"Oconto County, WI",37830
"Outagamie County, WI",187365
"Ozaukee County, WI",89147
"Pepin County, WI",7289
"Price County, WI",13397
"Racine County, WI",196584
"St. Croix County, WI",89694
"Sauk County, WI",64249
"Sawyer County, WI",16489
"Shawano County, WI",40796
"Sheboygan County, WI",115456
"Trempealeau County, WI",29442
"Vilas County, WI",21938
"Washburn County, WI",15878
"Waukesha County, WI",403072
"Waupaca County, WI",51128
"Waushara County, WI",24263
"Converse County, WY",13640
"Goshen County, WY",13376
"Hot Springs County, WY",4555
"Laramie County, WY",98976
"Natrona County, WY",79115
"Niobrara County, WY",2388
"Sublette County, WY",9813
"Sweetwater County, WY",43051
"Uinta County, WY",20299
"Washakie County, WY",7885
"Weston County, WY",6967
